Handle,SKU,Name,Category,Description,Sold by weight,Option 1 name,Option 1 value,Option 2 name,Option 2 value,Option 3 name,Option 3 value,Cost,Barcode,SKU of included item,Quantity of included item,Track stock,Available for sale [CHIVI],Price [CHIVI],In stock [CHIVI],Low stock [CHIVI]
accompagnement-gari-pour-atassi,10032,Accompagnement Gari pour Atassi,STOCKS,,N,,,,,,,50,,,,N,Y,variable,,
aileron,10004,Aileron,STOCKS,,N,,,,,,,615,,,,N,Y,615,,
ajout-100,10054,Ajout 100,NOS PRODUITS,,N,,,,,,,0,,,,N,Y,100,,
alloco-aileron,10049,Alloco Aileron,NOS PRODUITS,<p>Aileron 900 Alloco 500 Plat 100 sachet 10 cuillere 15 bolle piment 12 = 1527</p>,N,,,,,,,1527,,,,N,Y,2000,,
atassi-1000f,10001,Atassi 1000F,NOS PRODUITS,<p>Plat emport&eacute; 80 Oeuf ou Fromage 100 Silivi 167 Friture 100 cuillere 15 Boite piment 12 Riz Portion 184 Haricots 50 Piment 14 Gari 25 Sachet 10 TOTAL 757</p>,N,,,,,,,757,,,,N,Y,1000,,
atassi,10011,"Atassi 1200 poisson, Fromage, Oeuf",NOS PRODUITS,<p>Plat emport&eacute; 80 Oeuf 100 Silivi 167 Friture 100 cuillere 15 Boite piment 12 Riz Portion 184 Haricots 50 Fromage 65 Piment 14 Gari 25 Sachet 10 TOTAL 822</p>,N,,,,,,,822,,,,N,Y,1200,,
atassi-aileron,10015,Atassi Aileron,NOS PRODUITS,<p>Plat emport&eacute; 80 Oeuf et Fromage 200 Friture 100 cuillere 15 Boite piment 12 Riz Portion 184 Haricots 50 Piment 14 Gari 25 Sachet 10 Aileron900 TOTAL 757 + Aileron 900= 1590</p>,N,,,,,,,1590,,,,N,Y,2000,,
atassi-aileron-demi-poisson-oeuf-fromage,10025,Atassi Aileron Demi poisson oeuf fromage,NOS PRODUITS,<p>884 de Atassi + 900 de Aileron: 1784</p>,N,,,,,,,1784,,,,N,Y,2500,,
atassi-cuisse-de-poulet,10044,Atassi cuisse de poulet,NOS PRODUITS,<p>Atassi &nbsp;884 + 700 cuisse de poulet</p>,N,,,,,,,1584,,,,N,Y,2000,,
atassi-poisson-complet,10046,Atassi Poisson complet,NOS PRODUITS,<p>Plat emport&eacute; 80 Oeuf ou Fromage 100 Silivi 167 Friture 100 cuillere 15 Boite piment 12 Riz Portion 184 Haricots 50 Piment 14 Gari 25 Sachet 10 TOTAL 757 + 500 Poisson complet =1250</p>,N,,,,,,,1250,,,,N,Y,1700,,
atcheke-aileron,10037,Atcheke Aileron,NOS PRODUITS,"<p>Atcheke: 228 Aileron: 900 Alloco: 56 Jus (oignon 25, une tomate 35, Comcombre 25, Poivre 10, vinaigre10, sel 5, cube 5, Huile total pour atcheke poisson et jus 150, mayonnaise 50)315, sachet 10 bol piment 15 cuillere 15 plat 80 &nbsp;TOTAL: 1584</p>",N,,,,,,,1584,,,,N,Y,2000,,
atcheke-avec-gros-poisson-coupe,10047,Atcheke avec gros poisson coupe,NOS PRODUITS,"<p>Atcheke: 228 Poisson: 200 Alloco: 56 Jus (oignon 25, une tomate 35, Comcombre 25, Poivre 10, vinaigre10, sel 5, cube 5, Huile total pour atcheke poisson et jus 150, mayonnaise 50)315, sachet bol piment plat 157 &nbsp;TOTAL: 956</p>",N,,,,,,,956,,,,N,Y,1200,,
atcheke-cuisse-de-poulet,10076,Atcheke Cuisse de poulet,NOS PRODUITS,"<p>Atcheke: 228 Cuisse de poulet: 700 Alloco: 56 Jus (oignon 25, une tomate 35, Comcombre 25, Poivre 10, vinaigre10, sel 5, cube 5, Huile total pour atcheke poisson et jus 150, mayonnaise 50)315, sachet 10 bol piment 15 cuillere 15 plat 80 &nbsp;TOTAL: 1584</p>",N,,,,,,,1384,,,,N,Y,2000,,
atcheke-demi-poisson,10022,Atcheke demi poisson,NOS PRODUITS,"<p>Atcheke: 150 Poisson: 167 Alloco: 56 Jus (oignon 25, une tomate 35, Comcombre 25, Poivre 10, vinaigre10, sel 5, cube 5, Huile total pour atcheke poisson et jus 150, mayonnaise 50)315, sachet 10 bol piment 15 Cuill&egrave;re 15 plat 45 &nbsp;TOTAL: 773</p>",N,,,,,,,773,,,,N,Y,1000,,
atcheke-poisson-bar-2000,10017,Atcheke Poisson Bar 2000,NOS PRODUITS,"<p>Atcheke: 228 Poisson Bar 650 Alloco: 56 Jus (oignon 25, une tomate 35, Comcombre 25, Poivre 10, vinaigre10, sel 5, cube 5, Huile total pour atcheke poisson et jus 150, mayonnaise 50)315, sachet bol piment plat 157 &nbsp;TOTAL: 1406</p>",N,,,,,,,1406,,,,N,Y,2000,,
atcheke-poisson-silivi,10016,Atcheke Poisson Silivi Complet,NOS PRODUITS,"<p>Atcheke: 228 Poisson: 500 Alloco: 56 Jus (oignon 25, une tomate 35, Comcombre 25, Poivre 10, vinaigre10, sel 5, cube 5, Huile total pour atcheke poisson et jus 150, mayonnaise 50)315, sachet 10 bol piment 15 Cuillere 15 plat 45 &nbsp;TOTAL: 1184</p>",N,,,,,,,1184,,,,N,Y,1500,,
atcheke-poulet-mayo,10038,Atcheke poulet mayo,NOS PRODUITS,"<p>Atcheke: 228 Poulet mayo (Poulet 730 Mayo 200 Tomate 25 Poivron 50, Oignon 25 Cube 10 Sel 10 Poivre 10) 1060 Alloco: 56 Jus (oignon 25, une tomate 35, Comcombre 25, Poivre 10, vinaigre10, sel 5, cube 5, Huile total pour atcheke poisson et jus 150, mayonnaise 50)315, sachet bol piment plat 157 &nbsp;TOTAL: 1816</p>",N,,,,,,,1816,,,,N,Y,2500,,
boîte-piment,10029,Boîte Piment,STOCKS,,N,,,,,,,12,,,,N,Y,variable,,
coca-cola,10043,Coca cola,,,N,,,,,,,300,,,,N,Y,500,,
couscous-sauce-marocaine-aileron-saucisse,10052,Couscous sauce marocaine Aileron Saucisse,NOS PRODUITS,<p>Couscous 150 Aileron 900 saucisse 100 &nbsp;Raison sec 100 sauce(chou 50 carotte 25 Pomme 50 Poivron 25 Sauce tomate 200 ): 350 Plat 157 = 1757</p>,N,,,,,,,1757,,,,N,Y,2500,,
cuillère,10028,Cuillère,STOCKS,,N,,,,,,,15,,,,N,Y,15,,
cuisse-de-poulet,10005,Cuisse de poulet,STOCKS,,N,,,,,,,482,,,,N,Y,482,,
cuisse-de-poulet-1,10077,Cuisse de poulet,NOS PRODUITS,,N,,,,,,,600,,,,N,Y,1000,,
emballage-sachet,10035,Emballage sachet,STOCKS,,N,,,,,,,30,,,,N,Y,variable,,
frite-poulet,10048,Frite Alloco cuisse de poulet,NOS PRODUITS,<p>Frites: 342 Alloco 168 Plat 157 Cuisse de poulet 692 = 1567</p>,N,,,,,,,1359,,,,N,Y,2000,,
frite-alloco-poisson-braisée,10057,Frite Alloco Poisson Braisée,NOS PRODUITS,<p>Frites: 342 Alloco 168 Plat 157 Poisson silivi 500 = 1167</p>,N,,,,,,,1167,,,,N,Y,2000,,
frite-alloco-viande-de-mouton,10039,Frite Alloco Viande de Mouton,NOS PRODUITS,<p>Frites: 342 Alloco 168 Plat 157 viande de mouton 500 = 1167</p>,N,,,,,,,0,,,,N,Y,3000,,
frites-alloco-aileron,10053,Frites Alloco Aileron,NOS PRODUITS,<p>Frites: 342 Alloco 168 Plat 157 Aileron 900 = 1567</p>,N,,,,,,,1567,,,,N,Y,2000,,
frites-alloco-poisson,10026,Frites Alloco Poisson,NOS PRODUITS,<p>Frites: 342 Alloco 168 Plat 157 Poisson silivi 500 = 1167</p>,N,,,,,,,1167,,,,N,Y,1500,,
frites-alloco-chivi,10010,Frites Alloco Poulet Mayo Chivi,NOS PRODUITS,"<p>Poulet mayo (Poulet 730 Mayo 200 Tomate 25 Poivron 50, Oignon 25 Cube 10 Sel 10 Poivre 10) 1060 Frites: 342 Alloco 168 Plat 157 = 1727</p>",N,,,,,,,1727,,,,N,Y,2500,,
friture-attassi,10027,Friture Attassi,STOCKS,<p>Cout de production 2600Estimation prix par plat 100f</p>,Y,,,,,,,100,,,,N,Y,100,,
fromage,10042,Fromage,,,N,,,,,,,0,,,,N,Y,100,,
fromage-atassi,10034,Fromage Atassi,STOCKS,,N,,,,,,,65,,,,N,Y,variable,,
"gboman-avec-kpanman,-fromage-et-poisson",10064,"Gboman avec Kpanman, fromage, Goussi et Poisson",NOS PRODUITS,"<p>Sauce gboman savoureuse, accompagn&eacute;e de kpanman (peau de b&oelig;uf), fromage, goussi et poisson.Un plat riche et g&eacute;n&eacute;reux. Accompagnement au choix: P&acirc;te Noire ou P&acirc;te de Ma&iuml;s.</p><p>COUT DE PRODUCTIONL&eacute;gumes 150 Friture goussi 400 Poisson 600 P&acirc;te 200 Fromage 200 Peau de boeuf 100 Plat emport&eacute; de 80 et 45 = 125 cuill&egrave;re et bol piment 30 Sac 20</p>",N,,,,,,,1767,,,,N,Y,2500,,
haricot-1000f,10067,Haricot 1000f,NOS PRODUITS,<p>Haricots plus friture 300 G&eacute;siers 200 Gari 25f Poivron et carottes 100f Plats: 80F Cuillere etbol piment 30 sachet 10f TOTAL 745</p>,N,,,,,,,745,,,,N,Y,1000,,
haricots,10031,Haricots,STOCKS,,N,,,,,,,50,,,,N,Y,variable,,
haricots-1500,10068,Haricots 1500,NOS PRODUITS,<p>Haricots plus friture 300 G&eacute;siers 200 Gari 25f Poivron et carottes 100f Alloco 166 Demi Poisson 200 Plats: 80F Cuillere etbol piment 30 sachet 10f TOTAL 1111</p>,N,,,,,,,1111,,,,N,Y,1500,,
huile-d’arachide-d’agonlin,10002,Huile d’arachide d’Agonlin,STOCKS,,N,,,,,,,31000,,,,N,Y,variable,,
jus-akassa-aileron,10074,Jus Akassa Aileron,NOS PRODUITS,<p>Tomate 100 Oignon 50 &nbsp;Cube et sel 25 Piment 50 Poivron 100 Huile 100 Akassa 100 Aileron 900 &nbsp;Plat 80 Cuillere et bol 30 Sachet 10 TOTAL: 1545</p>,N,,,,,,,1550,,,,N,Y,2500,,
jus-akassa-poisson-bar,10072,Jus Akassa Poisson Bar,NOS PRODUITS,<p>Tomate 100 Oignon 50 &nbsp;Cube et sel 25 Piment 50 Poivron 100 Huile 100 Akassa 100 Poisson Bar 650 &nbsp;Plat 80 Cuillere et bol 30 Sachet 10 TOTAL: 1295</p>,N,,,,,,,1300,,,,N,Y,2000,,
jus-akassa-silivi,10073,Jus Akassa Silivi,NOS PRODUITS,<p>Tomate 100 Oignon 50 &nbsp;Cube et sel 25 Piment 50 Poivron 100 Huile 100 Akassa 100 Poisson Silivi 600 &nbsp;Plat 80 Cuillere et bol 30 Sachet 10 TOTAL: 1245</p>,N,,,,,,,1300,,,,N,Y,2000,,
"jus-bissap-0,5l",10055,"Jus Bissap 0,5L",NOS PRODUITS,"<p>Cout de production Bissap 2100 (Hibiscus 500 sucre 1000, menthe 200, arome 300 charbon 100)Boites Bouteille 90F TOTAL 2190 Donnant 14 Bouteilles&nbsp;</p>",N,,,,,,,157,,,,N,Y,500,,
jus-d'ananas,10063,Jus d'ananas,NOS PRODUITS,<p>Ananas 250 Bouteille 90</p>,N,,,,,,,340,,,,N,Y,1000,,
jus-de-pastèque,10062,Jus de pastèque,NOS PRODUITS,<p>Past&egrave;que 400 Bouteille 90</p>,N,,,,,,,490,,,,N,Y,1000,,
monyo-aileron,10071,Monyo Aileron,NOS PRODUITS,<p>Tomate 100 Oignon 25 Kanssa 25 Cube et sel 25 Piment 25 Akassa 100 Aileron 900 &nbsp;Plat 80 Cuillere et bol 30 Sachet 10 TOTAL: 1320</p>,N,,,,,,,1320,,,,N,Y,2500,,
monyo-poisson,10069,Monyo Poisson Bar,NOS PRODUITS,<p>Tomate 100 Oignon 25 Kanssa 25 Cube et sel 25 Piment 25 Akassa 100 Poisson Bar 650 &nbsp;Plat 80 Cuillere et bol 30 Sachet 10 TOTAL: 1070</p>,N,,,,,,,1070,,,,N,Y,2000,,
monyo-poisson-silivi,10070,Monyo Poisson Silivi,NOS PRODUITS,<p>Tomate 100 Oignon 25 Kanssa 25 Cube et sel 25 Piment 25 Akassa 100 Poisson Bar 600 &nbsp;Plat 80 Cuillere et bol 30 Sachet 10 TOTAL: 1020</p>,N,,,,,,,1020,,,,N,Y,1500,,
oeuf,10021,Oeuf,STOCKS,,N,,,,,,,90,,,,N,Y,125,,
pâte-rouge-avec-jus-et-aileron,10066,Pâte rouge avec Jus et Aileron,NOS PRODUITS,<p>Oignon 50 tomates 50 poivrons 50 gari /farine 100f sel cube ail 50 huile 50 piment 25f aileron 900 T 1275 + Plat 130 Sachet 10 Cuillere 15 Boite piment 15 TOTAL= 1445</p>,N,,,,,,,1445,,,,N,Y,2000,,
piment-accompagnement,10033,Piment accompagnement,STOCKS,,N,,,,,,,14,,,,N,Y,variable,,
piron-rouge-jus-et-aileron,10075,Piron rouge Jus et Aileron,NOS PRODUITS,<p>Oignon 50 tomates 50 poivrons 50 gari /farine 100f sel cube ail 50 huile 50 piment 25f aileron 900 T 1275 + Plat 130 Sachet 10 Cuillere 15 Boite piment 15 TOTAL= 1445</p>,N,,,,,,,1445,,,,N,Y,2000,,
plat-emporté-pour-riz,10019,Plat emporté pour Riz,STOCKS,,N,,,,,,,130,,,,N,Y,130,,
plat-pour-spaghetti,10020,plat pour spaghetti,,,N,,,,,,,0,,,,N,Y,variable,,
plat-spaghetti-aileron-oeuf,10023,Plat spaghetti aileron oeuf,NOS PRODUITS,,N,,,,,,,0,,,,N,Y,1500,,
poisson-bar,10008,Poisson Bar,STOCKS,,N,,,,,,,715,,,,N,Y,715,,
poisson-frit,10045,Poisson frit,NOS PRODUITS,,N,,,,,,,0,,,,N,Y,700,,
poisson-silivi,10000,Poisson Silivi,STOCKS,<p>1 carton de Silivi</p>,Y,,,,,,,0,,,,N,N,25000,,
portion-couscous-avec-sauce-et-saucisse,10056,Portion Couscous avec sauce et saucisse,NOS PRODUITS,<p>Couscous 150 &nbsp;saucisse 100 &nbsp;Raison sec 100 sauce(chou 50 carotte 25 Pomme 50 Poivron 25 Sauce tomate 200 ): 350 Plat 157 = 857</p>,N,,,,,,,857,,,,N,Y,1500,,
portion-d'alloco,10036,Portion D'Alloco,NOS PRODUITS,<p>Alloco 168</p>,N,,,,,,,168,,,,N,Y,500,,
portion-de-frites,10041,Portion de frites,NOS PRODUITS,<p>Frites: 342</p>,N,,,,,,,342,,,,N,Y,500,,
portion-de-pâte-rouge,10079,Portion de pâte rouge,NOS PRODUITS,,N,,,,,,,0,,,,N,Y,500,,
poulet-dg,10080,Poulet DG+Riz,NOS PRODUITS,,N,,,,,,,0,,,,N,Y,3000,,
poulet-mayo,10018,Poulet Mayo,NOS PRODUITS,"<p>Poulet mayo (Poulet 730 Mayo 200 Tomate 25 Poivron 50, Oignon 25 Cube 10 Sel 10 Poivre 10) 1060</p>",N,,,,,,,1060,,,,N,Y,2000,,
riz,10009,Riz,STOCKS,,Y,,,,,,,0,,,,N,Y,variable,,
riz-au-curry-jus-poulet-mayo,10051,Riz au curry jus poulet mayo,NOS PRODUITS,"<p>Poulet mayo (Poulet 730 Mayo 200 Tomate 25 Poivron 50, Oignon 25 Cube 10 Sel 10 Poivre 10) 1060Riz 184 curry10 Jus (oignon 25 tomate 25 poivron 50 Huile 50 cube 10 sel 10 piment 10 ail 10) 190&nbsp; plat 157 TOTAL: 1444</p>",N,,,,,,,1601,,,,N,Y,2500,,
riz-gras-avec-aileron,10014,Riz gras avec Aileron,NOS PRODUITS,<p>Riz 184 Sauce 150 Jus( Carotte 50 Oignon 25 Poivron 50 Cube 10 Sel 10 Epice 25 Huile100 Petit pois 100) 370 Aileron 900 pLat 157 TOTAL 1761</p>,N,,,,,,,1761,,,,N,Y,2500,,
riz-gras-avec-cuisse-de-poulet,10013,Riz gras avec Cuisse de poulet,NOS PRODUITS,<p>Riz 184 Sauce 150 Jus(Carotte 50 Oignon 25 Poivron 50 Cube 10 Sel 10 Epice 25 Huile100 Petit pois 100) 370 Cuisse de poulet 700 pLat 157 TOTAL 1561</p>,N,,,,,,,1561,,,,N,Y,2000,,
riz-gras-oeuf-poisson-bar,10040,Riz gras oeuf poisson bar,NOS PRODUITS,<p>Riz 184 Sauce 150 Jus(Carotte 50 Oignon 25 Poivron 50 Cube 10 Sel 10 Epice 25 Huile100 Petit pois 100) 370 Poisson bar 650 Oeuf 100 pLat 157 TOTAL 1611</p>,N,,,,,,,1611,,,,N,Y,2200,,
riz-gras-poisson-bar,10059,Riz gras poisson Bar,NOS PRODUITS,<p>Riz 184 Sauce 150 Jus(Carotte 50 Oignon 25 Poivron 50 Cube 10 Sel 10 Epice 25 Huile100 Petit pois 100) 370 Poisson Bar 650 pLat 157 TOTAL 1511</p>,N,,,,,,,1511,,,,N,Y,2000,,
riz-gras-poisson-silivi,10078,Riz gras poisson Silivi,NOS PRODUITS,<p>Riz 184 Sauce 150 Jus(Carotte 50 Oignon 25 Poivron 50 Cube 10 Sel 10 Epice 25 Huile100 Petit pois 100) 370 Poisson Silivi 300 pLat 80 Cuillere et Bol piment 30 sachet 10 TOTAL 1124</p>,N,,,,,,,1124,,,,N,Y,1500,,
riz-portion,10030,Riz portion,STOCKS,,N,,,,,,,200,,,,N,Y,variable,,
saucisses,10006,Saucisses,STOCKS,,N,,,,,,,72,,,,Y,Y,72,60.000,10.000
silivi,10007,Silivi,STOCKS,,N,,,,,,,402,,,,N,Y,402,,
spaghetti,10003,Spaghetti,STOCKS,,N,,,,,,,375,,,,N,Y,375,,
spaghetti-🍝,10012,Spaghetti 🍝,NOS PRODUITS,<p>Spaghetti 100 Viande 150 Oignon 20 Oeuf 100 Saucisse 100 Poivron 25 Huile 25 Carotte 20 Piment 15 Tomate 25 &nbsp;Piment Cube Ail 50 &nbsp;mayo 50 Plat de 80 Cuill&egrave;re 15 Bol Piment 15 Sachet 10 &nbsp;TOTAL 800</p>,N,,,,,,,800,,,,N,Y,1000,,
spaghetti-🍝-aileron,10024,Spaghetti 🍝 Aileron,NOS PRODUITS,<p>Spaghetti 100 Oignon 20 Oeuf 100 Saucisse 100 Poivron 25 Huile 25 Carotte 20 Piment 15 Tomate 25 &nbsp;Piment Cube Ail 50 &nbsp;mayo 50 Plat de 80 Cuill&egrave;re 15 Bol Piment 15 Sachet 10 &nbsp;TOTAL 800 &nbsp;Aileron 900 TOTAL 1550&nbsp;</p>,N,,,,,,,1550,,,,N,Y,2000,,
tchayo-poisson,10065,Tchayo Poisson,NOS PRODUITS,<p>L&eacute;gumes tchayo 100 amanviv&egrave; 50 Friture 350 Poisson 600 P&acirc;te 200 Fromage 200 Plats 90 Bol piment Cuillere 30 Sachet 10 TOTAL 1630 + Poisson hihi 100 = 1730</p>,N,,,,,,,1730,,,,N,Y,2500,,
tchep-poisson-légumes,10060,Tchep Poisson Légumes,NOS PRODUITS,<p>Riz 175 Sauce 300 Rooft interieur poisson 100 L&eacute;gumes (chou 100 Carrotes 75 Patate douce 50) 225 Poisson 667 Plat et autres 157 TOTAL: 1624</p>,N,,,,,,,1625,,,,N,Y,3000,,
tchep-viande-légumes,10061,Tchep Viande Légumes,NOS PRODUITS,<p>Riz 175 Sauce 300 Rooft interieur poisson 100 L&eacute;gumes (chou 100 Carrotes 75 Patate douce 50) 225 viande 1200 Plat et autres 157 TOTAL: 2157</p>,N,,,,,,,2157,,,,N,Y,3500,,
tchep-viande-poisson,10058,Tchep viande poisson,NOS PRODUITS,<p>Riz 175 Sauce 300 Rooft interieur poisson 100 L&eacute;gumes (chou 100 Carrotes 75 Patate douce 50) 225<br>Poisson 667 viande 1200 Plat et autres 157 TOTAL: 2824</p>,N,,,,,,,2824,,,,N,Y,4500,,
variable,10050,Variable,NOS PRODUITS,,N,,,,,,,0,,,,N,Y,variable,,
